id;start_date;end_date;language
1;2025-05-22T14:13:39;2025-05-22T13:51:14;ENGLISH
2;2025-05-22T19:16:48;2025-05-23T07:05:51;ENGLISH
3;2025-05-22T22:46:28;2025-05-22T14:35:43;SPANISH
4;2025-05-23T01:01:15;2025-05-22T23:17:49;ENGLISH
5;2025-05-23T07:58:54;2025-05-22T19:35:55;SPANISH
6;2025-05-23T03:21:01;2025-05-22T21:34:36;ENGLISH
7;2025-05-23T06:51:09;2025-05-22T23:05:37;SPANISH
8;2025-05-22T14:31:48;2025-05-22T22:00:43;SPANISH
9;2025-05-23T08:45:29;2025-05-23T01:35:10;FRENCH
10;2025-05-22T21:12:42;2025-05-22T10:39:03;ENGLISH
